episode,avg_return_raw,avg_cost_per_step,avg_hold_cost,avg_backlog_cost,avg_smooth_cost,avg_total_cost
1,-2497.516,2497.516,1218.1538206338882,1250.395464539528,28.966652784636292,2497.5159379580523
2,-2264.3057,2264.3057,1208.5464830547571,1021.462263584137,34.2969744036017,2264.305721042496
3,-3104.0527,3104.0527,1260.028840124607,1816.0545961260796,27.969376983354255,3104.052813234041
4,-1768.0294,1768.0294,1215.814526885748,522.2410928606987,29.97372853227192,1768.0293482787185
5,-2645.7131,2645.7131,1425.2861659824848,1189.5672537982464,30.859746297215906,2645.713166077947
6,-1430.7279,1430.7279,1310.2928642481565,95.96835409104824,24.466715421258076,1430.727933760463
7,-2469.6792,2469.6792,1173.2201434969902,1268.1400361955166,28.319103122581126,2469.679282815088
8,-3485.9668,3485.9668,1178.3795197308064,2278.631036043167,28.956062680354968,3485.9666184543285
9,-3157.9084,3157.9084,1110.554228246212,2018.0742661952972,29.280699420818294,3157.9091938623274
10,-3359.5825,3359.5825,916.4229570031166,2412.715197145939,30.443687767924356,3359.58184191698
11,-3025.1875,3025.1875,1766.3468875735998,1228.1731348633766,30.666759886301865,3025.1867823232783
12,-2794.9329,2794.9329,1395.9565237909555,1366.8195366859436,32.15740776491178,2794.9334682418107
13,-3507.6829,3507.6829,1124.1094289124012,2351.354595541954,32.21812061808623,3507.6821450724415
14,-2693.545,2693.545,1169.491283774376,1496.8477019369602,27.205992014296122,2693.544977725632
15,-3804.2166,3804.2166,1134.0099828839302,2634.956462621689,35.24962574824999,3804.216071253869
16,-2616.015,2616.015,1094.2176586911082,1490.25007507205,31.546869600304735,2616.0146033634633
17,-2724.0864,2724.0864,1231.6195697933435,1464.836564898491,27.629895434036904,2724.0860301258713
18,-3065.9695,3065.9695,957.1965110450983,2079.1163353919983,29.656356424630413,3065.969202861727
19,-2122.5608,2122.5608,1326.2611080259085,763.5095919668674,32.7899254886382,2122.5606254814143
20,-2218.3896,2218.3896,958.0509138405323,1228.9612250477076,31.37776932998724,2218.389908218227
21,-3907.3167,3907.3167,901.5435769855976,2973.839954853058,31.93363381291953,3907.317165651575
22,-1709.6156,1709.6156,1343.2431342154741,335.86621905863285,30.506195508517045,1709.615548782624
23,-2246.5322,2246.5322,1438.8351573720574,778.4925905168056,29.20435198951594,2246.532099878379
24,-2893.926,2893.926,1122.1396977454424,1742.855695143342,28.930899486995227,2893.9262923757797
25,-2232.2385,2232.2385,1258.0345409289002,939.1530683487654,35.05083755129502,2232.2384468289606
26,-2856.633,2856.633,1259.3995994105935,1570.4593260288239,26.773926321183552,2856.6328517606007
27,-2203.5503,2203.5503,1274.9789500162005,900.2204313278198,28.35065344909279,2203.5500347931134
28,-3044.9055,3044.9055,1005.4435555785894,2012.0468983650208,27.415122215433655,3044.905576159044
29,-1820.7444,1820.7444,1207.9978541135788,583.5028310418129,29.2437934709666,1820.7444786263584
30,-2242.0903,2242.0903,1054.2538779899478,1158.8606988191605,28.976610034314525,2242.0911868434227
31,-2797.752,2797.752,1078.957588672638,1691.9425301551819,26.85249714462066,2797.7526159724407
32,-3020.2861,3020.2861,1156.5404158756137,1836.1470787525177,27.598803415840496,3020.286298043972
33,-2072.6304,2072.6304,1204.4398075789213,840.8168484419584,27.373545596188936,2072.630201617069
34,-1820.8367,1820.8367,1305.9077187217772,485.60311509668827,29.325579686928766,1820.8364135053941
35,-3058.0408,3058.0408,1152.1782911121845,1877.1970798969269,28.665139238651893,3058.0405102477635
36,-2745.0332,2745.0332,1237.7738431096077,1477.8487467765808,29.41104994291039,2745.033639829099
37,-2162.063,2162.063,1360.4540091902018,775.0376877188683,26.57068691462707,2162.062383823697
38,-1477.2252,1477.2252,1416.1911590248346,34.14234200119972,26.891938012665282,1477.2254390386997
39,-2885.4539,2885.4539,1091.294040851295,1767.4178895950317,26.742290690151336,2885.4542211364783
40,-1942.8529,1942.8529,1093.6742629036307,823.8379850387573,25.340841918608596,1942.8530898609968
41,-1889.1628,1889.1628,1258.2904157042503,602.3600365519524,28.512642590061954,1889.1630948462646
42,-1796.8783,1796.8783,1194.8149640113115,574.3871507942677,27.675994421071856,1796.878109226651
43,-1893.1537,1893.1537,1306.5371583253145,558.6732829660177,27.94262197416504,1893.1530632654974
44,-1499.7097,1499.7097,1283.0408304184675,184.43082040548325,32.23772228589333,1499.7093731098441
45,-1428.5204,1428.5204,1063.0340963080525,336.7262172102928,28.760249006812955,1428.5205625251583
46,-1686.9943,1686.9943,1238.3865713626146,420.8920460790396,27.71577270155557,1686.9943901432098
47,-2270.5466,2270.5466,1248.4806409925222,994.4837103486061,27.582193542289524,2270.546544883418
48,-2391.005,2391.005,1095.0192908123136,1267.0305471420288,28.954119166486404,2391.0039571208285
49,-2573.8394,2573.8394,1215.0545687042177,1334.8850751519203,23.89978099354805,2573.839424849686
50,-2996.1929,2996.1929,1251.8566867783666,1717.4743387699127,26.861741964278806,2996.192767512558
51,-1808.948,1808.948,1167.603833541274,613.5857548713684,27.758393422035855,1808.9479818346783
52,-3472.5654,3472.5654,1261.5900947749615,2186.229804456234,24.74632171616157,3472.566220947357
53,-1752.8236,1752.8236,1295.847616404295,428.9848007708788,27.991143441514527,1752.8235606166884
54,-2827.9565,2827.9565,1053.161703646183,1744.6879439353943,30.107123426626597,2827.9567710082038
55,-2074.7815,2074.7815,1030.513107739389,1016.0195667743683,28.249322552498054,2074.7819970662554
56,-1687.3748,1687.3748,1302.169207803905,357.1506118774414,28.055238548113575,1687.37505822946
57,-2063.648,2063.648,1024.9654846042395,1010.1796281337738,28.502601668351957,2063.647714406365
58,-3006.8425,3006.8425,1178.5610956698656,1797.8758718967438,30.4059029923077,3006.842870558917
59,-2369.1782,2369.1782,1007.8610728979111,1334.9504417181015,26.36646836233284,2369.1779829783454
60,-2074.2249,2074.2249,1244.650708436966,798.3081393241882,31.266013027299227,2074.2248607884535
61,-1524.4229,1524.4229,1123.1000141948462,370.5455012470484,30.777549063341834,1524.4230645052364
62,-3177.4678,3177.4678,745.9358272850513,2405.048897624016,26.48262762811803,3177.467352537185
63,-1627.2095,1627.2095,1160.436721228063,441.22923269867897,25.543445971051963,1627.2093998977941
64,-1534.1185,1534.1185,1171.751599997282,337.5165348649025,24.850175121487577,1534.1183099836721
65,-1833.7478,1833.7478,1291.55912283808,515.5269137322903,26.66151039495884,1833.747546965329
66,-2544.5652,2544.5652,1092.7523336559534,1423.924190044403,27.889008102509532,2544.565531802866
67,-1564.4471,1564.4471,1342.2754677832127,196.96743673086166,25.2044315359008,1564.447336049975
68,-1264.3512,1264.3512,1109.7283753603697,127.74888171255589,26.8738272139693,1264.3510842868948
69,-1540.0897,1540.0897,1068.6899382434785,443.4839079976082,27.91592850222562,1540.0897747433123
70,-1826.5472,1826.5472,1105.7501891553402,695.4189298152924,25.378107351978105,1826.5472263226106
71,-1741.2847,1741.2847,1236.6861582919955,478.18278977274895,26.41561842581182,1741.2845664905562
72,-1405.0874,1405.0874,1338.8098525702953,40.511508628726006,25.76628054765713,1405.0876417466784
73,-2730.943,2730.943,1015.2108730375767,1690.3301841020584,25.40184333852764,2730.9429004781628
74,-1405.1765,1405.1765,1006.0248970091343,369.02632343769073,30.12528188010256,1405.1765023269277
75,-2023.434,2023.434,1088.6619221195579,908.0965491533279,26.675125876958358,2023.4335971498442
76,-2292.7568,2292.7568,1111.5798508375883,1157.9086219966412,23.268467529172312,2292.7569403634016
77,-1579.226,1579.226,1017.7852601259947,534.222188025713,27.218552318179185,1579.226000469887
78,-2417.381,2417.381,1124.6152831166983,1265.1446990966797,27.621245989245125,2417.381228202623
79,-1844.4813,1844.4813,1348.845230191946,468.4369511306286,27.199257931137847,1844.4814392537126
80,-1461.5985,1461.5985,1101.3367602080107,333.65909039229155,26.602752183883663,1461.598602784186
81,-1388.0352,1388.0352,1165.930177487433,197.05097818374634,25.054317676392685,1388.035473347572
82,-2521.9426,2521.9426,947.755711376667,1546.0272828638554,28.158954635376777,2521.941948875899
83,-1396.2222,1396.2222,1192.9005263894796,176.47596156597137,26.84551491449712,1396.222002869948
84,-1293.9103,1293.9103,1110.3760370463133,159.91608048975468,23.618136952205752,1293.9102544882737
85,-1197.3464,1197.3464,1073.721897944808,97.41437096893787,26.21034891409866,1197.3466178278445
86,-1462.3568,1462.3568,1100.5274462103844,338.2889311313629,23.540719782583675,1462.357097124331
87,-2285.019,2285.019,923.5034451931715,1339.1467239260674,22.368762689684882,2285.0189318089238
88,-1455.0266,1455.0266,899.0058488920331,529.2640395462513,26.75667491360881,1455.0265633518932
89,-1341.204,1341.204,1197.4615540504456,123.78717163205147,19.95520379366948,1341.2039294761664
90,-1112.527,1112.527,951.8100786879659,139.65382865071297,21.06325501021297,1112.5271623488918
91,-1189.6139,1189.6139,973.9612462371588,193.06348480284214,22.589315619049447,1189.6140466590505
92,-1074.1293,1074.1293,978.8534275796264,71.21952714025974,24.05638459291604,1074.1293393128021
93,-1090.6047,1090.6047,1020.2518254518509,45.13010334968567,25.2227163684586,1090.6046451699951
94,-1106.7832,1106.7832,930.7381312847137,154.7928039431572,21.25236718646672,1106.7833024143376
95,-1117.7487,1117.7487,883.9619170725346,210.23204761743546,23.554681665135934,1117.7486463551058
96,-1055.9961,1055.9961,974.5266292318702,58.26600003242493,23.20369950280502,1055.9963287671
97,-1016.9099,1016.9099,882.4381628483534,111.10171455144882,23.370153384026246,1016.9100307838285
98,-1215.4082,1215.4082,1087.7412347197533,105.29279300570488,22.374193238932396,1215.4082209643905
99,-1052.3793,1052.3793,907.7880770266056,122.31996795535088,22.270902387808963,1052.3789473697655
100,-1174.0393,1174.0393,1005.5747421681881,148.46765285730362,19.996954597461475,1174.0393496229533
101,-1338.5834,1338.5834,1023.0913883894682,292.58434623479843,22.907738875531887,1338.5834734997984
102,-1260.034,1260.034,1151.4740186035633,83.49473062157631,25.06519856784686,1260.0339477929865
103,-1169.4855,1169.4855,875.8827818185091,265.81147387623787,27.790975638728717,1169.4852313334757
104,-1296.8083,1296.8083,1032.2500242069364,243.83170795440674,20.72649536555419,1296.8082275268973
105,-1154.9064,1154.9064,938.1214025616646,193.68733617663383,23.097628295482185,1154.9063670337805
106,-1184.2549,1184.2549,991.0531439781189,173.59389321506023,19.607773953154407,1184.2548111463336
107,-1170.5432,1170.5432,1083.542621806264,67.92914080619812,19.07142004083428,1170.5431826532963
108,-1040.2261,1040.2261,918.6888077557087,99.8446972668171,21.692477722226645,1040.2259827447524
109,-1310.6298,1310.6298,952.1256055980921,340.2415089607239,18.262901632751582,1310.6300161915676
110,-934.1404,934.1404,818.3737569749355,96.21091617643833,19.55588577310138,934.1405589244753
111,-1267.3324,1267.3324,1063.4183426946402,183.36209917068481,20.55197698230997,1267.332418847635
112,-1245.5009,1245.5009,878.8360108286142,343.6302482634783,23.03439645731309,1245.5006555494056
113,-1519.5956,1519.5956,828.2765346467495,674.4914724230766,16.827431165947385,1519.5954382357736
114,-1261.6292,1261.6292,906.7457603290677,336.6273608803749,18.25582963288084,1261.6289508423235
115,-920.7703,920.7703,807.9384776949883,94.26591551303864,18.56574723556112,920.770140443588
116,-1496.9167,1496.9167,550.6563368365169,925.301411151886,20.95915881884579,1496.9169068072486
117,-986.3866,986.3866,828.357623487711,139.23755876719952,18.79124238515301,986.3864246400635
118,-1029.6627,1029.6627,808.3646053262055,201.568871229887,19.72920917089799,1029.6626857269905
119,-1287.4873,1287.4873,572.5512775704265,695.4214545339346,19.514545345646034,1287.487277450007
120,-762.9124,762.9124,666.7074588835239,76.64099007844925,19.56381586902442,762.9122648309976
121,-713.1424,713.1424,584.637902662158,108.66240981221199,19.842164422345906,713.142476896716
122,-629.78107,629.78107,585.6452507153153,25.654584392905235,18.48126251195629,629.7810976201769
123,-1065.3888,1065.3888,643.192210316658,406.3626896440983,15.834079185048559,1065.3889791458048
124,-933.6628,933.6628,560.0448857024312,358.22371608018875,15.394202628479997,933.6628044111
125,-645.9183,645.9183,492.3374978005886,134.40922737121582,19.171631236389523,645.918356408194
126,-1144.987,1144.987,417.3501521795988,708.3351588845253,19.30197105733719,1144.9872821214612
127,-779.3233,779.3233,477.85101210325956,280.1748358607292,21.29749688521902,779.3233448492078
128,-681.579,681.579,426.3112843632698,235.26242542266846,20.005388061529565,681.5790978474678
129,-523.2207,523.2207,419.7073278725147,85.2646010145545,18.24876876814019,523.2206976552094
130,-658.91455,658.91455,369.7448769956827,268.0730229616165,21.096658304973225,658.9145582622724
131,-539.8084,539.8084,470.619921438396,52.00251787900925,17.186026986334287,539.8084663037395
132,-455.88086,455.88086,378.1256243735552,58.57338134944439,19.18176992784743,455.880775650847
133,-520.9056,520.9056,384.61018327251077,116.65021589398384,19.64522210285152,520.9056212693462
134,-577.64557,577.64557,445.05235406011343,115.4291061758995,17.16405060780854,577.6455108438215
135,-512.0809,512.0809,426.0058566778898,65.37385208904743,20.70121623243891,512.0809249993762
136,-570.18756,570.18756,451.3694016635418,101.28631602227688,17.5317247058089,570.1874423916275
137,-569.3455,569.3455,448.54726941883564,102.83569863438606,17.96252845580729,569.345496509029
138,-644.79266,644.79266,475.8795305490494,152.1329726278782,16.78030563487511,644.7928088118027
139,-490.2044,490.2044,402.0552836507559,71.79700115323067,16.35209417855798,490.20437898254454
140,-494.2083,494.2083,375.38627710938454,99.82138365507126,19.0007495336837,494.2084102981395
141,-529.34985,529.34985,426.6528358310461,84.29454998672009,18.40250504678637,529.3498908645525
142,-822.0812,822.0812,318.0149775967002,487.18403628468513,16.88234664165814,822.0813605230435
143,-398.0349,398.0349,326.20316302776337,53.359631180763245,18.472089889334313,398.0348840978609
144,-479.07352,479.07352,377.76264452934265,81.91868442296982,19.392107262102783,479.07343621441527
145,-445.12915,445.12915,353.51119577884674,73.53535917401314,18.082670328929698,445.12922528178956
146,-671.8877,671.8877,307.68593119829893,346.27977150678635,17.922083820912782,671.8877865259981
147,-406.6627,406.6627,262.335017234087,128.71282303333282,15.614857685053959,406.66269795247376
148,-391.12073,391.12073,312.5213412195444,62.38423377275467,16.21499251354186,391.12056750584094
149,-336.72055,336.72055,276.6151316165924,44.90925621986389,15.196240247119109,336.72062808357543
150,-405.343,405.343,321.87590768933296,67.40842145681381,16.058749791613582,405.34307893776037
151,-350.00305,350.00305,263.003803730011,69.83175326883793,17.167569196216228,350.00312619506514
152,-303.17322,303.17322,200.61095733195543,85.09500852972269,17.467234939967955,303.1732008016461
153,-351.71985,351.71985,270.6485989615321,63.96110324561596,17.11008954448194,351.71979175163
154,-377.6123,377.6123,262.14591290056705,99.1561281606555,16.310330483152768,377.6123715443753
155,-349.6623,349.6623,190.324300006032,141.02603223919868,18.311892979993367,349.66222522522406
156,-322.71637,322.71637,225.6215864866972,81.60877899825573,15.485986847556818,322.71635233250976
157,-344.10843,344.10843,160.5525472909212,164.51519117504358,19.04078187070127,344.10852033666606
158,-241.74779,241.74779,175.73451651632786,49.90934322029352,16.10396151118861,241.74782124780998
159,-255.8258,255.8258,164.68042458593845,72.66659241914749,18.47888711649054,255.82590412157649
160,-212.38696,212.38696,150.10803390294313,41.85289208590984,20.426013472690297,212.38693946154328
161,-384.36743,384.36743,157.26235921680927,209.8099559098482,17.295266774595717,384.3675819012532
162,-337.58444,337.58444,169.18953501433134,150.52514480054379,17.86974437167945,337.5844241865546
163,-423.52466,423.52466,142.60620987415314,261.9956982731819,18.922811802366525,423.5247199497016
164,-187.63646,187.63646,113.94098608195782,55.31753944605589,18.37789311995496,187.63641864796867
165,-282.43274,282.43274,166.04484441876411,98.2736483886838,18.114368231425917,282.43286103887385
166,-381.18393,381.18393,207.70816379785538,155.89988569915295,17.57592915444401,381.1839786514523
167,-346.5224,346.5224,155.5467163771391,168.5404410660267,22.43528342210702,346.5224408652728
168,-173.46027,173.46027,109.56541354954243,44.85135354846716,19.043452612010654,173.46021971002023
169,-208.31221,208.31221,152.96444514393806,38.4789724200964,16.8687970197509,208.31221458378536
170,-192.43024,192.43024,89.63658811151981,83.39140851795673,19.402286918107045,192.4302835475836
171,-232.53462,232.53462,80.76219113916159,131.70931478589773,20.06313300747335,232.53463893253266
172,-251.34506,251.34506,111.8752221763134,120.7836422920227,18.686258483456513,251.34512295179263
173,-320.43735,320.43735,148.1038740463555,156.31085232645273,16.02265685029109,320.4373832230993
174,-219.4377,219.4377,146.8065319508314,53.061849132180214,19.56931048985421,219.43769157286584
175,-192.30028,192.30028,141.1953280121088,32.379656448960304,18.72528556758214,192.30027002865125
176,-241.11426,241.11426,145.90634009242058,75.54278849065304,19.665092796756312,241.11422137982993
177,-211.51985,211.51985,151.62551499158144,43.31388461589813,16.580402111904558,211.51980171938413
178,-354.10193,354.10193,194.62635768204927,142.44072242826223,17.034865447509066,354.10194555782056
179,-372.1928,372.1928,253.34303034842014,102.51846688985825,16.331248106419366,372.19274534469776
180,-233.96756,233.96756,146.30613953620195,68.41945358365774,19.241952625589047,233.96754574544875
181,-209.12206,209.12206,123.93664998561144,66.8289343342185,18.35645260041984,209.12203692024977
182,-181.67903,181.67903,110.37059200555086,53.84219032898545,17.46623940251479,181.6790217370511
183,-187.69398,187.69398,143.97554925829172,27.868699431419373,15.849785030918529,187.69403372062962
184,-248.48383,248.48383,145.3294216915965,85.63902424275875,17.515319020612775,248.48376495496802
185,-196.83704,196.83704,106.7192186973989,70.76877469569445,19.34909274760631,196.83708614069965
186,-225.5087,225.5087,123.47558476775885,81.18046545982361,20.85262321099356,225.508673438576
187,-251.70909,251.70909,118.38458725810051,116.19905575364828,17.125470816791307,251.7091138285401
188,-306.09045,306.09045,101.48285118490458,183.07239634543657,21.535274247380357,306.0905217777215
189,-389.05304,389.05304,169.70272620022297,202.14639756083488,17.203753985676645,389.0528777467345
190,-279.13547,279.13547,190.95713560283184,72.86672635376453,15.311730022489535,279.1355919790859
191,-290.44122,290.44122,175.05341358482838,96.05418030917645,19.33350428654531,290.4410981805501
192,-217.20015,217.20015,148.39367881417274,54.29565092176199,14.510812690071859,217.2001424260066
193,-343.64673,343.64673,215.42947709560394,110.66369384527206,17.55365143988191,343.6468223807579
194,-226.30173,226.30173,114.288041934371,92.3365046530962,19.677166231303346,226.30171281877054
195,-241.79211,241.79211,145.01761943101883,79.96837328374386,16.806085968852315,241.792078683615
196,-180.42705,180.42705,120.23683401942253,41.80260817706585,18.387571978393435,180.4270141748818
197,-199.4803,199.4803,102.89950409531593,78.79271836578846,17.788062748722258,199.48028520982666
198,-208.83008,208.83008,124.2801631167531,67.83527435362339,16.714655022215194,208.8300924925917
199,-262.19888,262.19888,139.09051925316453,105.27358357608318,17.834750296684906,262.1988531259326
200,-295.8843,295.8843,139.48068586736917,138.5895354822278,17.814043727768464,295.88426507736546
201,-175.22389,175.22389,121.46498497575521,38.4287134706974,15.330205765298576,175.2239042117512
202,-213.03484,213.03484,114.18393656611443,82.73350478708744,16.117372829170503,213.03481418237237
203,-364.54773,364.54773,194.6602943688631,155.35089579224586,14.536711198075013,364.547901359184
204,-344.15607,344.15607,128.95761259645224,198.35726925730705,16.841080284123866,344.15596213788314
205,-412.14328,412.14328,157.83484560623765,240.04206581413746,14.266284911184513,412.14319633155964
206,-176.6153,176.6153,90.69576451927423,65.76271188259125,20.15680996127749,176.61528636314296
207,-404.29523,404.29523,170.7980978935957,217.0454758182168,16.451597803402507,404.295171515215
208,-260.07352,260.07352,99.23639163374901,145.00605407357216,15.831044656045155,260.0734903633663
209,-235.20135,235.20135,113.76738055050373,104.14774167910218,17.286166316214175,235.2012885458201
210,-378.2642,378.2642,123.18036463856697,238.897266253829,16.186624039037834,378.2642549314338
211,-219.25334,219.25334,73.79738464206457,126.56694290041924,18.888960949411093,219.2532884918949
212,-198.01274,198.01274,104.47125790454447,75.74439183622599,17.797074113226174,198.01272385399665
213,-203.60602,203.60602,52.17802979052067,132.4094798564911,19.018536341098603,203.60604598811037
214,-286.37097,286.37097,112.84576174616814,156.3669692799449,17.158308960231793,286.37103998634484
215,-468.01114,468.01114,94.78161562979221,351.66695526242256,21.562538465216704,468.01110935743145
216,-197.52554,197.52554,52.2942605689168,124.36928090825677,20.862012742853324,197.5255542200269
217,-347.1977,347.1977,122.91855516284704,207.25645522773266,17.022738728121716,347.19774911870144
218,-232.56393,232.56393,146.02756118774414,69.03456744551659,17.50176940291567,232.5638980361764
219,-234.78854,234.78854,142.2482243552804,76.1921129822731,16.34822813264453,234.78856547019802
220,-345.71707,345.71707,76.2277795728296,245.2541388720274,24.235200114896426,345.71711855975343
221,-324.7898,324.7898,79.17039109393954,225.66751636564732,19.951910373091973,324.7898178326788
222,-270.94617,270.94617,107.51217038184404,143.08669686317444,20.347277271994503,270.946144517013
223,-259.17953,259.17953,51.84660107642412,187.49453635513783,19.83843459403194,259.17957202559387
224,-258.85843,258.85843,83.73454608395696,154.74341029673815,20.380470472081694,258.8584268527768
225,-316.81357,316.81357,40.170859321951866,251.2924952954054,25.35017419826271,316.81352881562
226,-370.77176,370.77176,122.2998069524765,229.26951659470797,19.202525190646075,370.77184873783057
227,-338.0061,338.0061,96.35998507589102,221.5618171468377,20.084292781400357,338.00609500412907
228,-352.64005,352.64005,39.148882158100605,287.6833967715502,25.807845112972103,352.6401240426229
229,-320.2009,320.2009,87.10406645387411,210.47634099423885,22.62061670830512,320.2010241564181
230,-341.4893,341.4893,84.81797139719129,236.23769465088844,20.43362570462604,341.48929175270575
231,-231.21518,231.21518,96.20608861744404,114.18562433868647,20.823407266891216,231.21512022302173
232,-306.69263,306.69263,85.45970264077187,200.2428018078208,20.990069001551213,306.69257345014387
233,-287.3697,287.3697,49.9956090003252,213.58318662643433,23.79086441900674,287.3696600457663
234,-272.31448,272.31448,72.27116058766842,177.5207231491804,22.52260533181433,272.31448906866314
235,-301.45175,301.45175,67.61007481813431,212.90240140259266,20.939238402011366,301.45171462273834
236,-282.53107,282.53107,91.48246581852436,171.07239531725645,19.976202848134896,282.5310639839157
237,-361.8192,361.8192,104.73703619837761,238.80861411988735,18.27358501274727,361.81923533101224
238,-157.34476,157.34476,63.62600777670741,72.61341538280249,21.105333968487237,157.34475712799713
239,-211.63396,211.63396,50.31288172677159,140.42766069620848,20.893325710847932,211.633868133828
240,-207.37352,207.37352,85.37201514840126,102.37046939879656,19.631035404870463,207.37351995206828
241,-270.53784,270.53784,81.52149986475706,170.67998811602592,18.33636852826471,270.5378565090477
242,-237.5378,237.5378,92.80536818504333,127.03312020748854,17.699296005366566,237.53778439789843
243,-238.52368,238.52368,107.63208498060703,111.96235681325197,18.92926199168927,238.52370378554826
244,-331.48965,331.48965,86.31642577052116,225.32580339163542,19.847594914815893,331.48982407697247
245,-316.95422,316.95422,108.21192508935928,190.72277282178402,18.01944888025562,316.9541467913989
246,-388.17792,388.17792,204.7591484040022,169.98778031766415,13.43085747285464,388.177786194521
247,-310.8288,310.8288,163.2597379758954,131.08902651071548,16.48000951362316,310.82877400023403
248,-203.93637,203.93637,56.66624850034714,126.1180489398539,21.152075113660707,203.93637255386176
249,-336.6867,336.6867,170.72576317936182,150.45609812438488,15.504915414462841,336.68677671820956
250,-181.3377,181.3377,65.51353865861893,96.71305156126618,19.111070643711862,181.33766086359697
251,-421.03293,421.03293,206.33623695373535,198.98304387181997,15.71357925980773,421.03286008536304
252,-195.62024,195.62024,120.04298859834671,59.05788750946522,16.519385735813668,195.6202618436256
253,-283.9315,283.9315,107.3608456812799,158.59487383440137,17.975831288087186,283.93155080376846
254,-234.80609,234.80609,129.50873888283968,89.00268672406673,16.294703741682447,234.80612934858885
255,-285.48364,285.48364,114.72055447846651,151.8358499854803,18.92714670856737,285.4835511725142
256,-340.06744,340.06744,175.3387590199709,153.47225937992334,11.256390721451481,340.0674091213457
257,-333.9077,333.9077,139.31214929372072,178.3358307480812,16.25985851732236,333.9078385591243
258,-244.62337,244.62337,91.72086070477962,136.60791932046413,16.29458094704997,244.62336097229374
259,-223.58461,223.58461,135.81821067631245,72.14159362018108,15.624871990920209,223.58467628741374
260,-332.9574,332.9574,156.62831316888332,163.68052330613136,12.648538083508997,332.95737455852367
261,-249.6457,249.6457,86.21666974574327,148.8274676054716,14.601602251874132,249.64573960308903
262,-187.88823,187.88823,112.24191409349442,61.32974500954151,14.316566906455934,187.88822600949186
263,-202.285,202.285,140.19024385511875,50.340859822928905,11.753900089492289,202.28500376753993
264,-396.64124,396.64124,185.722450427711,194.94010393321514,15.97869873068652,396.64125309161267
265,-222.1138,222.1138,137.97944358363748,67.54663760960102,16.587775785993976,222.11385697923248
266,-260.56937,260.56937,130.44419326633215,116.11802491545677,14.007167115581824,260.56938529737073
267,-167.5414,167.5414,114.25089170783758,39.35617183148861,13.934296558250201,167.5413600975764
268,-387.0368,387.0368,89.82605758309364,280.1889237910509,17.021703834172342,387.0366852083169
269,-357.82098,357.82098,101.60764181613922,238.26316864788532,17.950114559852363,357.8209250238769
270,-234.9424,234.9424,157.77366569638252,64.30535499751568,12.863339395755794,234.942360089654
271,-256.64764,256.64764,161.66162939369678,80.85644555091858,14.129569557916003,256.64764450253136
272,-299.05316,299.05316,143.00899302959442,140.00544250011444,16.038692683171725,299.0531282128806
273,-209.7127,209.7127,155.99898472428322,40.71225159615278,13.001471693711432,209.71270801414744
274,-333.32053,333.32053,133.71404440701008,183.97584079951048,15.630637543423385,333.32052274994396
275,-191.82751,191.82751,100.2197794765234,74.8132189810276,16.794469629778987,191.82746808732998
276,-268.54065,268.54065,108.12302752584219,143.86324230581522,16.554382152622445,268.54065198427986
277,-278.23874,278.23874,163.9697588160634,100.8816831856966,13.387217992628425,278.23865999438846
278,-320.24515,320.24515,123.46036748588085,178.28955341130495,18.495261814537105,320.2451827117229
279,-377.88565,377.88565,157.948031835258,204.42020293325186,15.517550422924803,377.88578519143465
280,-272.44705,272.44705,170.2033208757639,90.37095038592815,11.872807151662464,272.4470784133545
281,-259.2347,259.2347,89.27215407788754,152.69706831872463,17.265516318854836,259.234738715467
282,-212.74625,212.74625,99.70915063843131,96.47912120819092,16.55796262791444,212.74623447453666
283,-193.22783,193.22783,126.77011727169156,49.20543151348829,17.252323271691502,193.22787205687135
284,-212.21107,212.21107,136.8059899881482,60.27294734865427,15.132152338189584,212.21108967499208
285,-214.60364,214.60364,110.47126716375351,87.08156453818083,17.050769409252045,214.60360111118638
286,-555.8848,555.8848,158.2461674809456,378.56883719563484,19.069815077739296,555.8848197543198
287,-257.149,257.149,106.68219192326069,136.13053291290998,14.33629214324312,257.1490169794138
288,-259.28116,259.28116,106.94345692545176,134.95963560789824,17.378005462259093,259.28109799560906
289,-170.16466,170.16466,99.65994957089424,57.3154788762331,13.189253397858087,170.16468184498544
290,-302.95322,302.95322,146.28112596273422,141.1488130390644,15.523200135308793,302.9531391371074
291,-263.04367,263.04367,153.30116497725248,96.76214453577995,12.98036617056926,263.0436756836017
292,-262.75455,262.75455,107.75425775721669,137.63223654031754,17.368007997323616,262.75450229485784
293,-255.1581,255.1581,133.25788163393736,104.62861523777246,17.271610269330765,255.1581071410406
294,-191.51065,191.51065,125.67125128209591,54.74731603264809,11.092095604073787,191.5106629188178
295,-294.436,294.436,194.5032636001706,83.4846775457263,16.44799147132203,294.43593261721895
296,-372.15863,372.15863,186.51412390172482,172.69207346439362,12.952388068984455,372.1585854351029
297,-266.60117,266.60117,138.55941252410412,111.5105182826519,16.531247080688022,266.60117788744407
298,-321.9321,321.9321,204.48481682687998,103.3688176125288,14.078333959587761,321.93196839899656
299,-215.80128,215.80128,94.20183069258928,103.68332940340042,17.916156349279042,215.80131644526875
300,-185.2278,185.2278,146.6840566843748,25.93055820465088,12.613156106068512,185.2277709950942
301,-234.79578,234.79578,128.36242043972015,91.48349948227406,14.949849815970571,234.79576973796478
302,-266.37515,266.37515,223.72155198454857,30.143040277063847,12.510580923784195,266.3751731853966
303,-229.24731,229.24731,95.46372498571873,113.46248362213373,20.321043452640847,229.2472520604933
304,-328.5999,328.5999,160.67389414459467,151.86927136778831,16.056699865559647,328.59986537794265
305,-235.54308,235.54308,149.00624358654022,69.9649912044406,16.571858807473326,235.54309359845413
306,-200.48734,200.48734,141.8913969323039,41.73835302144289,16.857575127323503,200.4873250810703
307,-239.0876,239.0876,127.81601099669933,93.68469461798668,17.586867097524216,239.08757271221023
308,-215.57793,215.57793,100.978893391788,96.35912647843361,18.239868532014597,215.57788840223623
309,-237.82237,237.82237,99.68062064051628,118.70518478006124,19.436591544656917,237.82239696523445
310,-547.83966,547.83966,175.90555109456182,354.219181060791,17.714781331943804,547.8395134872966
311,-256.4917,256.4917,115.15051680803299,121.81689456105232,19.524242718144762,256.4916540872301
312,-221.51506,221.51506,117.0015224441886,87.97694806754589,16.536576210470876,221.51504672220537
313,-160.81003,160.81003,102.85324475169182,40.596496641635895,17.360300138629995,160.81004153195772
314,-224.565,224.565,54.25623605027795,150.54239919781685,19.766335912004724,224.56497116009953
315,-188.6031,188.6031,71.02323999255896,96.16471084207296,21.415209745098913,188.60316057973083
316,-195.56042,195.56042,80.42657364159822,92.56634011119604,22.567561645285366,195.56047539807963
317,-176.22649,176.22649,89.36319762095809,68.80172430723906,18.06153085752891,176.22645278572605
318,-197.79971,197.79971,86.20915556699038,93.65424942225218,17.936304582187514,197.79970957143007
319,-175.37695,175.37695,69.10891345515847,87.64450731873512,18.623545214459256,175.37696598835285
320,-345.03467,345.03467,146.6501760557294,178.53834227472544,19.846176659667012,345.03469499012186
321,-302.62405,302.62405,84.16742900386453,198.67074575275183,19.785845985958503,302.6240207425749
322,-237.37271,237.37271,105.24816669151187,112.86240769177675,19.26211456359675,237.37268894688538
323,-235.17018,235.17018,113.99859255552292,101.4188862144947,19.7526600933839,235.17013886340152
324,-222.882,222.882,70.90932892262936,131.65276634693146,20.319939931485145,222.88203520104597
325,-200.19937,200.19937,102.75661221891642,82.68248471617699,14.760269611905796,200.1993665469992
326,-179.22801,179.22801,83.86560719460249,78.21111521869898,17.15130225725558,179.22802467055703
327,-272.61386,272.61386,134.30497103184462,122.43608198314905,15.872805065138905,272.61385808013256
328,-418.09225,418.09225,158.62158378586173,242.152324937284,17.318384998226378,418.09229372137213
329,-249.94464,249.94464,114.9313707575202,117.15479675680399,17.858474211495054,249.94464172581925
330,-279.3562,279.3562,84.92679543793201,172.81596757471561,21.613406802218986,279.35616981486663
331,-209.95177,209.95177,113.53555005416274,81.87454805523157,14.541635842112722,209.95173395150704
332,-153.45322,153.45322,100.41053609549999,35.41619108617306,17.626491642475653,153.4532188241487
333,-165.25171,165.25171,101.32475313544273,45.904398664832115,18.022542114573554,165.2516939148484
334,-182.22894,182.22894,93.58403771743178,71.72282061725855,16.92207816749936,182.2289365021897
335,-237.8685,237.8685,138.40016864985228,84.22844986617565,15.23990337600129,237.8685218920292
336,-198.98048,198.98048,100.73195502907038,81.71624542027712,16.53228377491181,198.9804842242593
337,-149.3167,149.3167,72.55520835891366,56.88737232983112,19.874127109739376,149.31670779848417
338,-313.97443,313.97443,125.52261351048946,170.51621129363775,17.93556757789721,313.9743923820244
339,-230.84575,230.84575,148.23781715333462,65.12432692945004,17.48360302430202,230.84574710708668
340,-331.86676,331.86676,114.95902889966965,198.48494731634855,18.422798836334884,331.8667750523531
341,-191.10172,191.10172,63.61592939123511,108.66426410898566,18.821608680314547,191.10180218053532
342,-213.86685,213.86685,88.12091463804245,108.70771153271198,17.03822752609486,213.8668536968493
343,-192.83481,192.83481,102.00732342153788,72.90150008350611,17.92599934540206,192.83482285044605
344,-241.13321,241.13321,164.31408853828907,61.25435834378004,15.564860426464046,241.13330730853315
345,-262.38068,262.38068,173.1210252866149,76.19566351175308,13.063996519839298,262.38068531820727
346,-150.14392,150.14392,84.83405604213476,48.63298410177231,16.67685937212265,150.1438995160297
347,-226.675,226.675,140.73598156124353,67.64477978646755,18.29428541626711,226.6750467639782
348,-194.42403,194.42403,114.76379259675741,65.28968389332294,14.37054431184865,194.424020801929
349,-269.2574,269.2574,190.59338324517012,65.73998644948006,12.924000597223204,269.25737029187337
350,-315.8177,315.8177,236.44726603850722,65.99280914664268,13.377543924608284,315.8176191097582
351,-276.6335,276.6335,193.90427608788013,68.35220018774271,14.37711020277618,276.633586478399
352,-204.7059,204.7059,145.71051483601332,45.02766799926758,13.96778443461988,204.70596726990078
353,-277.59048,277.59048,195.2409668713808,67.97102431207895,14.378548348954428,277.5905395324142
354,-229.95111,229.95111,141.97405797243118,74.23909595608711,13.737906053833813,229.95105998235212
355,-229.4091,229.4091,174.84977950155735,40.94484965503216,13.614444287696141,229.40907344428564
356,-218.78075,218.78075,127.77312915027142,75.29381605237722,15.713749712760979,218.7806949154096
357,-305.9933,305.9933,164.02316273376346,124.48715177178383,17.48318978044075,305.993504285988
358,-209.06587,209.06587,139.50311667472124,54.70172464847565,14.861023393512143,209.06586471670903
359,-263.37234,263.37234,128.4826444350183,120.23450736701488,14.65519284730075,263.3723446493339
360,-240.49457,240.49457,143.90896064043045,83.0778144299984,13.507847031697455,240.4946221021263
361,-175.03394,175.03394,77.1402418166399,83.26688881963491,14.626814988194326,175.03394562446914
362,-223.68158,223.68158,133.52511292696,75.17698238790035,14.97951175602644,223.6816070708868
363,-242.7537,242.7537,202.26431319117546,29.224869646131992,11.264518794042138,242.7537016313496
364,-172.52483,172.52483,127.86169145256281,31.762750148773193,12.900364705555232,172.52480630689124
365,-195.46463,195.46463,134.08925147354603,49.077814035117626,12.297529847720027,195.46459535638368
366,-362.91537,362.91537,257.1277811899781,94.1197704076767,11.667802636137573,362.9153542337924
367,-159.17036,159.17036,123.77402836084366,22.84576540440321,12.550602241891273,159.17039600713815
368,-166.77805,166.77805,120.866289883852,33.48801043629646,12.423686234774891,166.77798655492336
369,-257.71826,257.71826,91.00897001475096,150.50878262519836,16.200510843633705,257.71826348358303
370,-205.79884,205.79884,72.45854838192463,115.82033716142178,17.51986939451586,205.79875493786227
371,-218.27487,218.27487,107.26264014095068,93.05308102071285,17.959216094474442,218.27493725613797
372,-208.6801,208.6801,89.84652292728424,101.28305710107088,17.55057185604564,208.68015188440077
373,-211.13745,211.13745,97.55684082955122,98.26326511055231,15.31739115679416,211.1374970968977
374,-182.9336,182.9336,93.1119587905705,76.07313059270382,13.748468256611623,182.93355763988595
375,-289.1876,289.1876,75.66152438521385,193.1608783826232,20.36512557703776,289.1875283448748
376,-184.40143,184.40143,83.81005565822124,81.77718283236027,18.81419226979292,184.40143076037444
377,-191.60089,191.60089,54.23761282116175,118.26286911964417,19.10039496418513,191.60087690499105
378,-227.90471,227.90471,69.06611788272858,140.75165727734566,18.08684576597386,227.9046209260481
379,-277.8289,277.8289,139.43868246674538,124.43361565470695,13.95641597979409,277.8287141012464
380,-346.96768,346.96768,113.98336678929627,216.5232014656067,16.46103006387272,346.9675983187757
381,-205.68918,205.68918,70.65871140360832,115.95014920830727,19.080272031453262,205.68913264336885
382,-175.52208,175.52208,79.33452789485455,78.68592300266027,17.50158644996217,175.52203734747698
383,-244.1072,244.1072,76.55634691566229,148.99312057346106,18.557661222679847,244.1071287118032
384,-235.14177,235.14177,83.95476510375738,127.90678146481514,23.280196317275117,235.14174288584763
385,-178.60716,178.60716,90.89989964663982,72.94176921993494,14.765456577956545,178.6071254445313
386,-207.535,207.535,68.88120406866074,118.90633840858936,19.74749144103709,207.53503391828718
387,-182.14296,182.14296,84.66936670988798,77.28827607631683,20.18527314698474,182.14291593318956
388,-196.69313,196.69313,107.77967171370983,71.38173466920853,17.531692124174594,196.69309850709294
389,-197.53786,197.53786,100.39717046171427,75.89608912914991,21.244572730303496,197.53783232116768
390,-264.31995,264.31995,150.57945124804974,100.14014264941216,13.600346520273185,264.3199404177351
391,-253.90073,253.90073,131.06102436035872,106.22617053240538,16.61353036161988,253.90072525438399
392,-218.30666,218.30666,77.64768811687827,117.32768431305885,23.33123981798097,218.30661224791808
393,-208.78923,208.78923,94.09676359593868,98.41735750436783,16.275130972335234,208.78925207264174
394,-256.05402,256.05402,138.58397440612316,103.56134214252234,13.908680904587492,256.05399745323297
395,-160.89052,160.89052,92.78396274894476,52.322062470018864,15.784520531846514,160.89054575081013
396,-240.20065,240.20065,127.77610615640879,96.17557022720575,16.248923073549353,240.2005994571639
397,-194.32275,194.32275,70.28189158439636,109.61711657047272,14.423707913038458,194.32271606790755
398,-171.79906,171.79906,89.80291869491339,67.78862322121859,14.20748092979336,171.79902284592532
399,-245.18271,245.18271,87.47766949981451,142.32918679714203,15.37585419744032,245.18271049439687
400,-317.06967,317.06967,131.56334048509598,170.56024487689137,14.946212422658121,317.06979778464546
401,-205.33365,205.33365,152.23615796864033,42.52686280012131,10.57060293229828,205.3336237010599
402,-166.78583,166.78583,120.00322806835175,32.229252099990845,14.553373496084259,166.78585366442684
403,-178.72685,178.72685,62.69599016755819,97.0790388584137,18.951801551390098,178.726830577362
404,-182.97148,182.97148,127.55053506791592,43.93013598024845,11.490870245076398,182.97154129324076
405,-163.53035,163.53035,93.11180372536182,54.4730257242918,15.945475329226568,163.53030477888018
406,-189.38028,189.38028,78.12169254943728,93.35100244730711,17.907612519167937,189.38030751591234
407,-283.13577,283.13577,138.468145057559,131.09403099119663,13.573653493672559,283.1358295424282
408,-265.0199,265.0199,148.21373512595892,103.8513845205307,12.954807860312314,265.01992750680193
409,-344.30106,344.30106,147.0630094408989,181.45432364940643,15.783737291729205,344.30107038203454
410,-221.28352,221.28352,158.28861592710018,51.20689499378204,11.788043151069749,221.28355407195198
411,-160.73146,160.73146,123.99351882189512,24.92250395566225,11.815450512733406,160.73147329029078
412,-256.82178,256.82178,162.66019003093243,80.1103600487113,14.051259455047658,256.8218095346914
413,-195.01631,195.01631,155.9132431074977,27.31032958626747,11.792763023845405,195.01633571761056
414,-232.13245,232.13245,146.8005519732833,73.33327377587557,11.998591836159198,232.13241758531805
415,-432.14987,432.14987,249.57527754455805,172.77776335924864,9.796893962866376,432.14993486667305
416,-239.51949,239.51949,152.47613912075758,75.78725800663233,11.256095613237203,239.5194927406271
417,-175.85994,175.85994,126.09422143921256,35.26715300232172,14.498563853310781,175.85993829484505
418,-192.58789,192.58789,142.931037299335,37.049151964485645,12.607687460118001,192.58787672393865
419,-350.51346,350.51346,215.7121265232563,122.4488904774189,12.352472777046266,350.5134897777215
420,-170.75589,170.75589,132.89795902371407,23.49952320754528,14.358402446511516,170.75588467777087
421,-199.50372,199.50372,139.43651723861694,44.684654712677,15.382509557371675,199.5036815086656
422,-230.0146,230.0146,124.69245185703039,90.60808497667313,14.714004081517931,230.01454091522146
423,-217.64853,217.64853,122.99655582010746,79.73607020825148,14.915933756189185,217.64855978454813
424,-230.69684,230.69684,131.55840553343296,84.10777992010117,15.030700209972508,230.69688566350663
425,-202.59848,202.59848,103.5345841422677,82.74505334347486,16.318806384357647,202.59844387010023
426,-216.97894,216.97894,110.43761452287436,90.47364741191268,16.067647531661283,216.97890946644833
427,-199.30106,199.30106,90.6699909940362,93.64387360960245,14.987138100574287,199.30100270421295
428,-257.5914,257.5914,109.91556273400784,132.1893786340952,15.48654042055361,257.59148178865667
429,-160.9205,160.9205,112.95559642463923,36.45356225967407,11.511331245718816,160.92048993003212
430,-210.51741,210.51741,118.46998008340597,76.4278141707182,15.619630310179739,210.5174245643039
431,-200.61368,200.61368,112.1056420430541,72.53368865698576,15.974293768837606,200.61362446887748
432,-257.03857,257.03857,142.56212612986565,100.360332518816,14.116066218843748,257.0385248675254
433,-189.65442,189.65442,97.53344537876546,74.7344174310565,17.38652326108978,189.65438607091176
434,-233.86548,233.86548,110.36955534666777,107.21009117364883,16.28588590102205,233.86553242133866
435,-251.71967,251.71967,177.50620717555285,60.14739320427179,14.066094683811995,251.71969506363664
436,-291.71887,291.71887,177.11483367532492,96.15106739103794,18.452989800109645,291.7188908664725
437,-237.7459,237.7459,120.15580746531487,104.74681016802788,12.843254497087306,237.74587213043006
438,-247.24643,247.24643,88.62857548892498,142.14821222424507,16.469577286167457,247.24636499933752
439,-163.38889,163.38889,99.87313197553158,47.15000789985061,16.365753116931963,163.38889299231414
440,-136.2011,136.2011,71.32638745009899,45.4063645452261,19.468363824151577,136.20111581947666
441,-165.97247,165.97247,103.25097157806158,45.50461723655462,17.216876558389842,165.97246537300606
442,-170.38005,170.38005,97.38903104513884,58.20030556619167,14.790762043390464,170.38009865472097
443,-208.21756,208.21756,82.64612277597189,103.99142766743898,21.57999081570686,208.21754125911772
444,-174.53133,174.53133,103.80333549156785,53.29087075591087,17.437141657388807,174.53134790486752
445,-192.09076,192.09076,94.31046724319458,75.78117810189724,21.999134684417882,192.0907800295097
446,-225.77255,225.77255,109.5430273488164,98.62074849009514,17.60882946775422,225.77260530666575
447,-216.76147,216.76147,89.15597584471107,105.30409578979015,22.301340094644058,216.76141172914527
448,-233.0497,233.0497,63.619100492447615,147.99930445849895,21.431312827022698,233.04971777796928
449,-178.83961,178.83961,78.39667281508446,82.0004508793354,18.44251012124929,178.83963381566915
450,-178.81937,178.81937,54.90943465009332,102.48381927609444,21.42613863497833,178.81939256116607
451,-201.85643,201.85643,69.80455783754587,112.89922340214252,19.152673056263545,201.85645429595195
452,-286.38596,286.38596,126.80687187612057,142.5598677545786,17.01924163064084,286.38598126134
453,-243.89265,243.89265,89.0775575041771,134.67525443434715,20.139815597503002,243.89262753602725
454,-246.56071,246.56071,86.80932600051165,136.79178652912378,22.959615828260713,246.56072835789615
455,-237.1772,237.1772,96.93018919974566,120.31944790482521,19.927596215949496,237.17723332052037
456,-255.39885,255.39885,132.91547755151987,105.55044793337584,16.932870230153974,255.3987957150497
457,-288.9675,288.9675,113.34979928657413,155.19807714223862,20.41956632060292,288.9674427494157
458,-190.0118,190.0118,80.78585190325975,87.6132830157876,21.612691705232592,190.01182662427993
459,-231.2449,231.2449,103.33175501227379,107.31423562765121,20.598902583086126,231.24489322301113
460,-177.99678,177.99678,59.99295051395893,98.1438616886735,19.86001010170363,177.99682230433606
461,-228.72112,228.72112,65.87866014614701,141.86422107368708,20.978260466007036,228.72114168584113
462,-144.89085,144.89085,71.0631545111537,52.75041204690933,21.07730419095621,144.89087074901923
463,-259.57816,259.57816,103.04998137801886,132.499716848135,24.028473159002147,259.578171385156
464,-194.74474,194.74474,85.63355193287134,91.63886947184801,17.472315867251414,194.74473727197076
465,-242.8629,242.8629,126.83963545411825,100.61382348835468,15.409487894872719,242.86294683734565
466,-193.2998,193.2998,107.63987892866135,69.43866254389286,16.221242893271807,193.299784365826
467,-164.29567,164.29567,92.77979724109173,54.67369519919157,16.842173965099953,164.29566640538326
468,-251.29788,251.29788,163.72515965998173,71.67182639241219,15.90088014030152,251.29786619269544
469,-223.42259,223.42259,123.48304266482592,83.96930737793446,15.970274397271114,223.42262444003148
470,-228.79752,228.79752,104.53522591292858,107.88115435093641,16.381043510025403,228.7974237738904
471,-349.3197,349.3197,170.478530138731,162.5031967908144,16.337868980420236,349.31959590996564
472,-139.49925,139.49925,87.25660894066095,33.092115230858326,19.150536597729243,139.4992607692485
473,-182.73816,182.73816,93.11020661517978,70.66964153200388,18.958308453936237,182.7381566011199
474,-191.3064,191.3064,83.0154333487153,88.63570580258965,19.655218696619094,191.30635784792406
475,-150.47412,150.47412,98.86762735620141,36.3668841868639,15.239603130415302,150.4741146734806
476,-182.06076,182.06076,100.10202799737453,69.37392219156027,12.58480868797202,182.06075887690682
477,-204.99258,204.99258,109.09809689968824,79.99318425729871,15.901251001334238,204.99253215832118
478,-283.82498,283.82498,165.68291651457548,103.86653448268771,14.275587667408676,283.82503866467187
479,-148.1305,148.1305,71.18998858332634,60.27396289259195,16.66648273299042,148.13043420890872
480,-298.43533,298.43533,139.36572435498238,143.43624337762594,15.63338303517127,298.4353507677796
481,-245.96143,245.96143,127.76154826581478,100.9481253772974,17.251753687985705,245.9614273310979
482,-223.17876,223.17876,122.19108476489782,84.10336343944073,16.884305888745665,223.17875409308422
483,-204.14876,204.14876,125.37789598852396,65.53728596866131,13.23354969706139,204.14873165424666
484,-205.33153,205.33153,143.94289901852608,46.82382535934448,14.564826002882176,205.33155038075273
485,-244.89572,244.89572,138.29554406553507,93.29656666517258,13.303532267715916,244.89564299842357
486,-188.91557,188.91557,84.88237674534321,83.00115641951561,21.032040647678482,188.9155738125373
487,-255.28275,255.28275,143.07224594056606,95.93725118041039,16.27326844863974,255.28276556961617
488,-181.49953,181.49953,116.65148573368788,49.23323646560311,15.61482457763785,181.49954677692884
489,-264.31046,264.31046,137.54582388699055,113.25053312629461,13.514116489916436,264.3104735032016
490,-169.78217,169.78217,117.88526839017868,38.3787627518177,13.518115523886188,169.78214666588258
491,-278.4003,278.4003,126.72510795295238,134.8680332750082,16.807077427582225,278.4002186555428
492,-200.33835,200.33835,122.94940192997456,65.91067077964544,11.47825075377691,200.3383234633969
493,-173.98737,173.98737,103.44388758018613,53.62100690603256,16.922463616011637,173.98735810223033
494,-181.81375,181.81375,153.87185532599688,16.553396582603455,11.388531901029545,181.81378380962988
495,-227.62521,227.62521,123.77536503970623,90.84193850308657,13.007912874843303,227.6252164176361
496,-144.17778,144.17778,92.35316378995776,37.982818491756916,13.841795073076126,144.1777773547908
497,-236.12682,236.12682,122.54109045863152,96.46647074073553,17.119148175066467,236.12670937443352
498,-181.30565,181.30565,103.88029693439603,63.84331192821264,13.582071359224024,181.3056802218327
499,-163.51425,163.51425,68.0383872911334,80.21013081818819,15.265776542656063,163.51429465197765
500,-232.38133,232.38133,97.04946859925985,118.68234413862228,16.64948096943316,232.3812937073153
